<Anims>
 <anim name="burnt" root="monkey_carpet" numframes="150" framerate="40">
  <frame idx="0" w="1635" h="1632" x="2.400696" y="-2.100464">
   <element name="burnt" layername="burnt" frame="0" z_index="2" m_a="1.000000" m_b="0.000000" m_c="0.000000" m_d="1.000000" m_tx="21.700001" m_ty="-18.450001"/>
  </frame>
  <frame idx="25" w="1635" h="1632" x="2.400696" y="-2.100464">
   <element name="burnt" layername="burnt" frame="0" z_index="2" m_a="1.000000" m_b="0.000000" m_c="0.000000" m_d="1.000000" m_tx="21.700001" m_ty="-18.450001"/>
  </frame>
  <frame idx="50" w="1635" h="1632" x="2.400696" y="-2.100464">
   <element name="burnt" layername="burnt" frame="0" z_index="2" m_a="1.000000" m_b="0.000000" m_c="0.000000" m_d="1.000000" m_tx="21.700001" m_ty="-18.450001"/>
  </frame>
  <frame idx="75" w="1635" h="1632" x="2.400696" y="-2.100464">
   <element name="burnt" layername="burnt" frame="0" z_index="2" m_a="1.000000" m_b="0.000000" m_c="0.000000" m_d="1.000000" m_tx="21.700001" m_ty="-18.450001"/>
  </frame>
  <frame idx="100" w="1635" h="1632" x="2.400696" y="-2.100464">
   <element name="burnt" layername="burnt" frame="0" z_index="2" m_a="1.000000" m_b="0.000000" m_c="0.000000" m_d="1.000000" m_tx="21.700001" m_ty="-18.450001"/>
  </frame>
  <frame idx="125" w="1635" h="1632" x="2.400696" y="-2.100464">
   <element name="burnt" layername="burnt" frame="0" z_index="2" m_a="1.000000" m_b="0.000000" m_c="0.000000" m_d="1.000000" m_tx="21.700001" m_ty="-18.450001"/>
  </frame>
 </anim>
 <anim name="idle" root="monkey_carpet" numframes="125" framerate="40">
  <frame idx="0" w="1575" h="1614" x="21.700317" y="-18.475220">
   <element name="tile" layername="tile" frame="0" z_index="2" m_a="1.000000" m_b="0.000000" m_c="0.000000" m_d="1.000000" m_tx="-0.100000" m_ty="-0.200000"/>
  </frame>
  <frame idx="25" w="1575" h="1614" x="21.700317" y="-18.475220">
   <element name="tile" layername="tile" frame="0" z_index="2" m_a="1.000000" m_b="0.000000" m_c="0.000000" m_d="1.000000" m_tx="-0.100000" m_ty="-0.200000"/>
  </frame>
  <frame idx="50" w="1575" h="1614" x="21.700317" y="-18.475220">
   <element name="tile" layername="tile" frame="0" z_index="2" m_a="1.000000" m_b="0.000000" m_c="0.000000" m_d="1.000000" m_tx="-0.100000" m_ty="-0.200000"/>
  </frame>
  <frame idx="75" w="1575" h="1614" x="21.700317" y="-18.475220">
   <element name="tile" layername="tile" frame="0" z_index="2" m_a="1.000000" m_b="0.000000" m_c="0.000000" m_d="1.000000" m_tx="-0.100000" m_ty="-0.200000"/>
  </frame>
  <frame idx="100" w="1575" h="1614" x="21.700317" y="-18.475220">
   <element name="tile" layername="tile" frame="0" z_index="2" m_a="1.000000" m_b="0.000000" m_c="0.000000" m_d="1.000000" m_tx="-0.100000" m_ty="-0.200000"/>
  </frame>
 </anim>
</Anims>
