<Anims>
 <anim name="anim" root="BUILD_PLAYER" numframes="100" framerate="40">
  <frame idx="0" w="394" h="861" x="-3.349060" y="-331.524323">
   <element name="ghost_eyes" layername="ghost_eyes" frame="1" z_index="-5" m_a="0.999420" m_b="-0.030792" m_c="0.030792" m_d="0.999420" m_tx="6.750200" m_ty="-401.750000"/>
   <element name="ghost_Hat" layername="GHOST_HAT" frame="0" z_index="-4" m_a="1.000000" m_b="0.000000" m_c="0.000000" m_d="1.000000" m_tx="-0.450000" m_ty="-474.649994"/>
   <element name="ghost_ears_lower" layername="ghost_ears_lower" frame="0" z_index="-3" m_a="1.000000" m_b="0.000000" m_c="0.000000" m_d="1.000000" m_tx="-77.099998" m_ty="-399.899994"/>
   <element name="ghost_ears_lower" layername="ghost_ears_lower" frame="1" z_index="-2" m_a="0.944166" m_b="0.329458" m_c="-0.329458" m_d="0.944166" m_tx="78.949997" m_ty="-394.750000"/>
   <element name="ghost_tail" layername="ghost_tail" frame="0" z_index="-1" m_a="1.000000" m_b="0.000000" m_c="0.000000" m_d="1.000000" m_tx="0.000000" m_ty="19.950001"/>
  </frame>
  <frame idx="25" w="394" h="861" x="-3.349060" y="-331.524323">
   <element name="ghost_eyes" layername="ghost_eyes" frame="1" z_index="-5" m_a="0.999420" m_b="-0.030792" m_c="0.030792" m_d="0.999420" m_tx="6.750200" m_ty="-401.750000"/>
   <element name="ghost_Hat" layername="GHOST_HAT" frame="0" z_index="-4" m_a="1.000000" m_b="0.000000" m_c="0.000000" m_d="1.000000" m_tx="-0.450000" m_ty="-474.649994"/>
   <element name="ghost_ears_lower" layername="ghost_ears_lower" frame="0" z_index="-3" m_a="1.000000" m_b="0.000000" m_c="0.000000" m_d="1.000000" m_tx="-77.099998" m_ty="-399.899994"/>
   <element name="ghost_ears_lower" layername="ghost_ears_lower" frame="1" z_index="-2" m_a="0.944166" m_b="0.329458" m_c="-0.329458" m_d="0.944166" m_tx="78.949997" m_ty="-394.750000"/>
   <element name="ghost_tail" layername="ghost_tail" frame="0" z_index="-1" m_a="1.000000" m_b="0.000000" m_c="0.000000" m_d="1.000000" m_tx="0.000000" m_ty="19.950001"/>
  </frame>
  <frame idx="50" w="394" h="861" x="-3.349060" y="-331.524323">
   <element name="ghost_eyes" layername="ghost_eyes" frame="1" z_index="-5" m_a="0.999420" m_b="-0.030792" m_c="0.030792" m_d="0.999420" m_tx="6.750200" m_ty="-401.750000"/>
   <element name="ghost_Hat" layername="GHOST_HAT" frame="0" z_index="-4" m_a="1.000000" m_b="0.000000" m_c="0.000000" m_d="1.000000" m_tx="-0.450000" m_ty="-474.649994"/>
   <element name="ghost_ears_lower" layername="ghost_ears_lower" frame="0" z_index="-3" m_a="1.000000" m_b="0.000000" m_c="0.000000" m_d="1.000000" m_tx="-77.099998" m_ty="-399.899994"/>
   <element name="ghost_ears_lower" layername="ghost_ears_lower" frame="1" z_index="-2" m_a="0.944166" m_b="0.329458" m_c="-0.329458" m_d="0.944166" m_tx="78.949997" m_ty="-394.750000"/>
   <element name="ghost_tail" layername="ghost_tail" frame="0" z_index="-1" m_a="1.000000" m_b="0.000000" m_c="0.000000" m_d="1.000000" m_tx="0.000000" m_ty="19.950001"/>
  </frame>
  <frame idx="75" w="394" h="861" x="-3.349060" y="-331.524323">
   <element name="ghost_eyes" layername="ghost_eyes" frame="1" z_index="-5" m_a="0.999420" m_b="-0.030792" m_c="0.030792" m_d="0.999420" m_tx="6.750200" m_ty="-401.750000"/>
   <element name="ghost_Hat" layername="GHOST_HAT" frame="0" z_index="-4" m_a="1.000000" m_b="0.000000" m_c="0.000000" m_d="1.000000" m_tx="-0.450000" m_ty="-474.649994"/>
   <element name="ghost_ears_lower" layername="ghost_ears_lower" frame="0" z_index="-3" m_a="1.000000" m_b="0.000000" m_c="0.000000" m_d="1.000000" m_tx="-77.099998" m_ty="-399.899994"/>
   <element name="ghost_ears_lower" layername="ghost_ears_lower" frame="1" z_index="-2" m_a="0.944166" m_b="0.329458" m_c="-0.329458" m_d="0.944166" m_tx="78.949997" m_ty="-394.750000"/>
   <element name="ghost_tail" layername="ghost_tail" frame="0" z_index="-1" m_a="1.000000" m_b="0.000000" m_c="0.000000" m_d="1.000000" m_tx="0.000000" m_ty="19.950001"/>
  </frame>
 </anim>
</Anims>
