<Anims>
 <anim name="BUILD" root="monkeygoldsword" numframes="50" framerate="40">
  <frame idx="0" w="1242" h="695" x="30.500000" y="-199.767303">
   <element name="swap_goldsword" layername="swap_goldsword" frame="0" z_index="6" m_a="0.942887" m_b="0.105361" m_c="-0.105361" m_d="0.942887" m_tx="-291.020782" m_ty="-81.363441"/>
   <element name="wilson" layername="wilson" frame="0" z_index="5" m_a="1.000000" m_b="0.000000" m_c="0.000000" m_d="1.000000" m_tx="-548.973999" m_ty="-364.090912"/>
   <element name="wilson" layername="wilson" frame="1" z_index="3" m_a="1.000000" m_b="0.000000" m_c="0.000000" m_d="1.000000" m_tx="-146.753250" m_ty="-372.428558"/>
   <element name="swap_goldsword" layername="swap_goldsword" frame="0" z_index="4" m_a="0.936119" m_b="0.153312" m_c="-0.153312" m_d="0.936119" m_tx="124.201721" m_ty="-77.193344"/>
   <element name="swap_goldsword" layername="swap_goldsword" frame="0" z_index="2" m_a="-0.940837" m_b="0.120407" m_c="0.120407" m_d="0.940837" m_tx="363.304352" m_ty="-72.830315"/>
   <element name="wilson" layername="wilson-2" frame="2" z_index="1" m_a="1.000000" m_b="0.000000" m_c="0.000000" m_d="1.000000" m_tx="371.974030" m_ty="-368.584412"/>
  </frame>
  <frame idx="25" w="1242" h="695" x="30.500000" y="-199.767303">
   <element name="swap_goldsword" layername="swap_goldsword" frame="0" z_index="6" m_a="0.942887" m_b="0.105361" m_c="-0.105361" m_d="0.942887" m_tx="-291.020782" m_ty="-81.363441"/>
   <element name="wilson" layername="wilson" frame="0" z_index="5" m_a="1.000000" m_b="0.000000" m_c="0.000000" m_d="1.000000" m_tx="-548.973999" m_ty="-364.090912"/>
   <element name="wilson" layername="wilson" frame="1" z_index="3" m_a="1.000000" m_b="0.000000" m_c="0.000000" m_d="1.000000" m_tx="-146.753250" m_ty="-372.428558"/>
   <element name="swap_goldsword" layername="swap_goldsword" frame="0" z_index="4" m_a="0.936119" m_b="0.153312" m_c="-0.153312" m_d="0.936119" m_tx="124.201721" m_ty="-77.193344"/>
   <element name="swap_goldsword" layername="swap_goldsword" frame="0" z_index="2" m_a="-0.940837" m_b="0.120407" m_c="0.120407" m_d="0.940837" m_tx="363.304352" m_ty="-72.830315"/>
   <element name="wilson" layername="wilson-2" frame="2" z_index="1" m_a="1.000000" m_b="0.000000" m_c="0.000000" m_d="1.000000" m_tx="371.974030" m_ty="-368.584412"/>
  </frame>
 </anim>
</Anims>
