<Anims>
 <anim name="TA" root="monkey_small" numframes="75" framerate="40">
  <frame idx="0" w="1129" h="1103" x="-279.290802" y="-323.021484">
   <element name="swap_hat" layername="swap_hat" frame="0" z_index="18" m_a="0.662018" m_b="0.000000" m_c="0.000000" m_d="0.647446" m_tx="4.000000" m_ty="-148.899994"/>
   <element name="m_mouth" layername="m_mouth" frame="0" z_index="19" m_a="1.000000" m_b="0.000000" m_c="0.000000" m_d="1.000000" m_tx="-2.800000" m_ty="-156.850006"/>
   <element name="m_eyes" layername="m_eyes" frame="0" z_index="20" m_a="1.000000" m_b="0.000000" m_c="0.000000" m_d="1.000000" m_tx="-1.650000" m_ty="-191.800003"/>
   <element name="m_head" layername="m_head" frame="0" z_index="21" m_a="1.000000" m_b="0.000000" m_c="0.000000" m_d="1.000000" m_tx="-0.600000" m_ty="-165.350006"/>
   <element name="m_ear" layername="m_ear" frame="0" z_index="22" m_a="-1.000000" m_b="0.000000" m_c="0.000000" m_d="1.000000" m_tx="51.799999" m_ty="-186.250000"/>
   <element name="m_ear" layername="m_ear" frame="0" z_index="23" m_a="1.000000" m_b="0.000000" m_c="0.000000" m_d="1.000000" m_tx="-55.099998" m_ty="-185.949997"/>
   <element name="m_hand" layername="m_hand" frame="0" z_index="24" m_a="0.999908" m_b="-0.012970" m_c="0.012970" m_d="0.999908" m_tx="-52.200001" m_ty="-17.799999"/>
   <element name="m_arm" layername="m_arm" frame="0" z_index="25" m_a="0.977175" m_b="0.212295" m_c="-0.212431" m_d="0.977800" m_tx="-49.099998" m_ty="-196.100006"/>
   <element name="m_arm" layername="m_arm" frame="4" z_index="26" m_a="0.999342" m_b="-0.036263" m_c="0.036669" m_d="1.010526" m_tx="-70.750000" m_ty="-98.900002"/>
   <element name="m_hand" layername="m_hand" frame="0" z_index="27" m_a="-0.999954" m_b="0.004318" m_c="0.004318" m_d="0.999954" m_tx="51.750000" m_ty="-17.900000"/>
   <element name="m_arm" layername="m_arm" frame="4" z_index="28" m_a="-0.999147" m_b="-0.041651" m_c="-0.042186" m_d="1.011985" m_tx="66.300003" m_ty="-99.599998"/>
   <element name="m_arm" layername="m_arm" frame="0" z_index="29" m_a="-0.977173" m_b="0.212280" m_c="0.212280" m_d="0.977173" m_tx="49.250000" m_ty="-195.000000"/>
   <element name="m_skirt" layername="m_skirt" frame="0" z_index="30" m_a="0.999268" m_b="-0.038254" m_c="0.038254" m_d="0.999268" m_tx="-0.950000" m_ty="-100.300003"/>
   <element name="m_bod" layername="m_bod" frame="0" z_index="31" m_a="1.000000" m_b="0.000000" m_c="0.000000" m_d="1.000000" m_tx="-1.550000" m_ty="-199.949997"/>
   <element name="m_leg" layername="m_leg" frame="0" z_index="32" m_a="1.000000" m_b="0.000000" m_c="0.000000" m_d="1.000000" m_tx="-15.500000" m_ty="-97.050003"/>
   <element name="m_foot" layername="m_foot" frame="0" z_index="33" m_a="0.998657" m_b="0.051804" m_c="-0.051804" m_d="0.998657" m_tx="-12.550000" m_ty="-66.699997"/>
   <element name="m_leg" layername="m_leg" frame="0" z_index="34" m_a="-1.000000" m_b="0.000000" m_c="0.000000" m_d="1.000000" m_tx="15.400000" m_ty="-97.050003"/>
   <element name="m_foot" layername="m_foot" frame="0" z_index="35" m_a="-1.000000" m_b="0.000000" m_c="0.000000" m_d="1.000000" m_tx="12.450000" m_ty="-67.699997"/>
   <element name="m_tail" layername="arm_carry" frame="3" z_index="36" m_a="0.504132" m_b="-0.863405" m_c="0.863417" m_d="0.504138" m_tx="-23.950001" m_ty="-276.149994"/>
   <element name="swap_object" layername="swap_object" frame="1" z_index="37" m_a="-0.788455" m_b="-0.614850" m_c="-0.614857" m_d="0.788464" m_tx="-50.150002" m_ty="-278.649994"/>
   <element name="m_tail" layername="tail_normal" frame="2" z_index="38" m_a="0.419952" m_b="0.907333" m_c="-0.907333" m_d="0.419952" m_tx="-108.800003" m_ty="-261.950012"/>
   <element name="m_tail" layername="tail_normal" frame="0" z_index="39" m_a="0.464020" m_b="-0.885712" m_c="0.885712" m_d="0.464020" m_tx="-13.800000" m_ty="-95.800003"/>
   <element name="m_tail" layername="tail_normal" frame="1" z_index="40" m_a="0.999374" m_b="-0.034302" m_c="0.034302" m_d="0.999374" m_tx="-118.099998" m_ty="-137.600006"/>
  </frame>
  <frame idx="25" w="1114" h="1063" x="-284.677826" y="-311.157776">
   <element name="swap_hat" layername="swap_hat" frame="0" z_index="18" m_a="0.662018" m_b="0.000000" m_c="0.000000" m_d="0.647446" m_tx="4.000000" m_ty="-148.899994"/>
   <element name="m_mouth" layername="m_mouth" frame="0" z_index="19" m_a="1.000000" m_b="0.000000" m_c="0.000000" m_d="1.000000" m_tx="-2.800000" m_ty="-156.850006"/>
   <element name="m_eyes" layername="m_eyes" frame="0" z_index="20" m_a="1.000000" m_b="0.000000" m_c="0.000000" m_d="1.000000" m_tx="-1.650000" m_ty="-191.800003"/>
   <element name="m_head" layername="m_head" frame="0" z_index="21" m_a="1.000000" m_b="0.000000" m_c="0.000000" m_d="1.000000" m_tx="-0.600000" m_ty="-165.350006"/>
   <element name="m_ear" layername="m_ear" frame="0" z_index="22" m_a="0.507018" m_b="0.091080" m_c="-0.176805" m_d="0.984228" m_tx="32.822727" m_ty="-193.484848"/>
   <element name="m_ear" layername="m_ear" frame="0" z_index="23" m_a="1.000000" m_b="0.000000" m_c="0.000000" m_d="1.000000" m_tx="-55.099998" m_ty="-185.949997"/>
   <element name="m_hand" layername="m_hand" frame="0" z_index="24" m_a="-0.514331" m_b="0.029695" m_c="0.058441" m_d="1.012202" m_tx="13.671207" m_ty="-20.906059"/>
   <element name="m_arm" layername="m_arm" frame="0" z_index="25" m_a="0.915140" m_b="0.402997" m_c="-0.403260" m_d="0.915737" m_tx="-13.948486" m_ty="-193.713638"/>
   <element name="m_arm" layername="m_arm" frame="4" z_index="26" m_a="0.988484" m_b="0.078406" m_c="-0.080158" m_d="1.010571" m_tx="-51.166668" m_ty="-104.316666"/>
   <element name="m_hand" layername="m_hand" frame="0" z_index="27" m_a="-0.999954" m_b="0.004318" m_c="0.004318" m_d="0.999954" m_tx="51.750000" m_ty="-17.900000"/>
   <element name="m_arm" layername="m_arm" frame="4" z_index="28" m_a="0.509398" m_b="-0.021212" m_c="0.042555" m_d="1.021934" m_tx="28.837879" m_ty="-109.372726"/>
   <element name="m_arm" layername="m_arm" frame="0" z_index="29" m_a="0.510487" m_b="0.075234" m_c="-0.139815" m_d="0.948689" m_tx="41.068184" m_ty="-198.560608"/>
   <element name="m_skirt" layername="m_skirt" frame="0" z_index="30" m_a="0.999127" m_b="0.041394" m_c="-0.041394" m_d="0.999127" m_tx="-15.419696" m_ty="-96.966667"/>
   <element name="m_bod" layername="m_bod" frame="0" z_index="31" m_a="1.000000" m_b="0.000000" m_c="0.000000" m_d="1.000000" m_tx="-1.550000" m_ty="-199.949997"/>
   <element name="m_leg" layername="m_leg" frame="0" z_index="32" m_a="-0.510007" m_b="0.072465" m_c="0.140671" m_d="0.990034" m_tx="-27.015152" m_ty="-90.913635"/>
   <element name="m_foot" layername="m_foot" frame="0" z_index="33" m_a="-0.506143" m_b="0.095767" m_c="0.185904" m_d="0.982528" m_tx="-16.981817" m_ty="-65.450005"/>
   <element name="m_leg" layername="m_leg" frame="0" z_index="34" m_a="-1.109898" m_b="0.157699" m_c="0.142894" m_d="1.005697" m_tx="-12.478786" m_ty="-97.693939"/>
   <element name="m_foot" layername="m_foot" frame="0" z_index="35" m_a="-1.000000" m_b="0.000000" m_c="0.000000" m_d="1.000000" m_tx="12.450000" m_ty="-67.699997"/>
   <element name="m_tail" layername="arm_carry" frame="3" z_index="36" m_a="0.371131" m_b="-0.928404" m_c="0.928407" m_d="0.371132" m_tx="-56.980305" m_ty="-286.453033"/>
   <element name="swap_object" layername="swap_object" frame="1" z_index="37" m_a="-0.870598" m_b="-0.491720" m_c="-0.491721" m_d="0.870600" m_tx="-83.180298" m_ty="-285.089386"/>
   <element name="m_tail" layername="tail_normal" frame="2" z_index="38" m_a="0.549319" m_b="0.835399" m_c="-0.835399" m_d="0.549319" m_tx="-138.534851" m_ty="-259.980316"/>
   <element name="m_tail" layername="tail_normal" frame="0" z_index="39" m_a="0.464020" m_b="-0.885712" m_c="0.885712" m_d="0.464020" m_tx="-28.799999" m_ty="-95.913635"/>
   <element name="m_tail" layername="tail_normal" frame="1" z_index="40" m_a="0.983369" m_b="-0.181503" m_c="0.181503" m_d="0.983369" m_tx="-129.387878" m_ty="-136.046967"/>
  </frame>
  <frame idx="50" w="421" h="869" x="-31.869751" y="-241.276917">
   <element name="swap_hat" layername="swap_hat" frame="0" z_index="18" m_a="0.662018" m_b="0.000000" m_c="0.000000" m_d="0.647446" m_tx="4.000000" m_ty="-148.899994"/>
   <element name="m_mouth" layername="m_mouth" frame="0" z_index="19" m_a="1.000000" m_b="0.000000" m_c="0.000000" m_d="1.000000" m_tx="-2.800000" m_ty="-156.850006"/>
   <element name="m_eyes" layername="m_eyes" frame="0" z_index="20" m_a="1.000000" m_b="0.000000" m_c="0.000000" m_d="1.000000" m_tx="-1.650000" m_ty="-191.800003"/>
   <element name="m_head" layername="m_head" frame="0" z_index="21" m_a="1.000000" m_b="0.000000" m_c="0.000000" m_d="1.000000" m_tx="-0.600000" m_ty="-165.350006"/>
   <element name="swap_hat" layername="swap_hat" frame="1" z_index="19" m_a="0.707340" m_b="0.294899" m_c="-0.238653" m_d="0.572431" m_tx="61.049999" m_ty="-158.399994"/>
   <element name="m_eyes" layername="m_eyes" frame="2" z_index="21" m_a="0.991974" m_b="0.126358" m_c="-0.126358" m_d="0.991974" m_tx="92.800003" m_ty="-196.199997"/>
   <element name="m_mouth" layername="m_mouth" frame="1" z_index="20" m_a="0.995407" m_b="0.095642" m_c="-0.095642" m_d="0.995407" m_tx="73.449997" m_ty="-157.750000"/>
   <element name="m_ear" layername="m_ear" frame="0" z_index="22" m_a="0.477494" m_b="0.084025" m_c="-0.173305" m_d="0.984851" m_tx="33.202271" m_ty="-193.340149"/>
   <element name="m_hand" layername="m_hand" frame="1" z_index="24" m_a="0.996903" m_b="0.078461" m_c="-0.078461" m_d="0.996903" m_tx="-56.799999" m_ty="-2.550000"/>
   <element name="m_head" layername="m_head" frame="1" z_index="23" m_a="0.999374" m_b="0.035233" m_c="-0.035233" m_d="0.999374" m_tx="55.900002" m_ty="-169.750000"/>
   <element name="m_ear" layername="m_ear" frame="0" z_index="23" m_a="1.000000" m_b="0.000000" m_c="0.000000" m_d="1.000000" m_tx="-55.099998" m_ty="-185.949997"/>
   <element name="m_hand" layername="m_hand" frame="0" z_index="34" m_a="-0.484102" m_b="0.027516" m_c="0.057520" m_d="1.011977" m_tx="12.353788" m_ty="-20.843939"/>
   <element name="m_arm" layername="m_arm" frame="0" z_index="25" m_a="0.941876" m_b="0.335823" m_c="-0.336040" m_d="0.942486" m_tx="-26.603029" m_ty="-194.572723"/>
   <element name="m_arm" layername="m_arm" frame="4" z_index="26" m_a="0.994167" m_b="0.029881" m_c="-0.030503" m_d="1.014893" m_tx="-59.633331" m_ty="-103.963638"/>
   <element name="m_hand" layername="m_hand" frame="0" z_index="27" m_a="-0.999954" m_b="0.004318" m_c="0.004318" m_d="0.999954" m_tx="51.750000" m_ty="-17.900000"/>
   <element name="m_arm" layername="m_arm" frame="4" z_index="35" m_a="-0.028835" m_b="-0.000489" m_c="-0.017288" m_d="1.019076" m_tx="44.745453" m_ty="-107.374245"/>
   <element name="m_arm" layername="m_arm" frame="0" z_index="33" m_a="-0.064226" m_b="0.998457" m_c="0.056444" m_d="0.003631" m_tx="44.013638" m_ty="-197.278793"/>
   <element name="m_skirt" layername="m_skirt" frame="0" z_index="27" m_a="0.999192" m_b="0.039801" m_c="-0.039801" m_d="0.999192" m_tx="-15.130302" m_ty="-97.033333"/>
   <element name="m_bod" layername="m_bod" frame="1" z_index="28" m_a="0.953735" m_b="0.300644" m_c="-0.300644" m_d="0.953735" m_tx="9.950000" m_ty="-202.899994"/>
   <element name="m_bod" layername="m_bod" frame="0" z_index="31" m_a="1.000000" m_b="0.000000" m_c="0.000000" m_d="1.000000" m_tx="-1.550000" m_ty="-199.949997"/>
   <element name="m_leg" layername="m_leg" frame="0" z_index="29" m_a="-0.990578" m_b="0.136843" m_c="0.136845" m_d="0.990586" m_tx="-7.440910" m_ty="-86.915154"/>
   <element name="m_foot" layername="m_foot" frame="1" z_index="30" m_a="-0.998657" m_b="0.051086" m_c="0.051086" m_d="0.998657" m_tx="-28.150000" m_ty="-58.599998"/>
   <element name="m_foot" layername="m_foot" frame="0" z_index="32" m_a="-0.476794" m_b="0.087857" m_c="0.181209" m_d="0.983406" m_tx="-16.893181" m_ty="-65.474998"/>
   <element name="m_leg" layername="m_leg" frame="0" z_index="31" m_a="-0.047162" m_b="-0.000901" m_c="-0.019303" m_d="1.009921" m_tx="-16.274242" m_ty="-91.022728"/>
   <element name="m_foot" layername="m_foot" frame="0" z_index="35" m_a="-1.000000" m_b="0.000000" m_c="0.000000" m_d="1.000000" m_tx="12.450000" m_ty="-67.699997"/>
   <element name="m_tail" layername="arm_carry" frame="3" z_index="36" m_a="-0.030257" m_b="-0.001118" m_c="-0.036909" m_d="0.999143" m_tx="-9.904549" m_ty="-284.856049"/>
   <element name="swap_object" layername="swap_object" frame="1" z_index="37" m_a="0.030270" m_b="-0.000446" m_c="0.014717" m_d="0.999734" m_tx="-9.136368" m_ty="-282.256042"/>
   <element name="m_tail" layername="tail_normal" frame="2" z_index="38" m_a="-0.030259" m_b="0.000881" m_c="0.029110" m_d="0.999376" m_tx="-7.465164" m_ty="-254.507584"/>
   <element name="m_tail" layername="tail_normal" frame="0" z_index="39" m_a="-0.030267" m_b="-0.000981" m_c="-0.032390" m_d="0.999358" m_tx="-10.778788" m_ty="-91.056061"/>
   <element name="m_tail" layername="tail_normal" frame="1" z_index="40" m_a="-0.030281" m_b="-0.000193" m_c="-0.006359" m_d="0.999943" m_tx="-7.843941" m_ty="-130.681824"/>
  </frame>
 </anim>
</Anims>
